ID	ASJP_ID	DOCULECT	LANGUAGE_NAME	GLOTTOCODE	GLOTTOLOG_NAME	LANGUAGE_LINEAGE_0	LANGUAGE_LINEAGE_1	LANGUAGE_LINEAGE_2	LANGUAGE_ISOLATE	PARAMETER_ID	CONCEPT	CONCEPTICON_ID	CONCEPTICON_GLOSS	VALUE	FORM	TOKENS	LOAN
1	EIGHTEENTH_CENTURY_KET-1-1	EIGHTEENTH_CENTURY_KET	EIGHTEENTH_CENTURY_KET	*eighteenth_century_ket	Ket	Yeniseian	Northern Yeniseian		False	1	*I	1209	I	ad	ad	ɐ d	false
2	EIGHTEENTH_CENTURY_KET-1-2	EIGHTEENTH_CENTURY_KET	EIGHTEENTH_CENTURY_KET	*eighteenth_century_ket	Ket	Yeniseian	Northern Yeniseian		False	1	*I	1209	I	ade	ade	ɐ d e	false
3	EIGHTEENTH_CENTURY_KET-1-3	EIGHTEENTH_CENTURY_KET	EIGHTEENTH_CENTURY_KET	*eighteenth_century_ket	Ket	Yeniseian	Northern Yeniseian		False	1	*I	1209	I	di	di	d i	false
4	KET-1-1	KET	KET	kett1243	Ket	Yeniseian	Northern Yeniseian		False	1	*I	1209	I	at	at	ɐ t	false
5	YUGH-1-1	YUGH	YUGH	yugh1239	Yugh	Yeniseian	Northern Yeniseian		False	1	*I	1209	I	at	at	ɐ t	false
6	EIGHTEENTH_CENTURY_KET-30-1	EIGHTEENTH_CENTURY_KET	EIGHTEENTH_CENTURY_KET	*eighteenth_century_ket	Ket	Yeniseian	Northern Yeniseian		False	30	*blood	946	BLOOD	sul7	sul7	s u l ʔ	false
7	KET-30-1	KET	KET	kett1243	Ket	Yeniseian	Northern Yeniseian		False	30	*blood	946	BLOOD	sul	sul	s u l	false
8	YUGH-30-1	YUGH	YUGH	yugh1239	Yugh	Yeniseian	Northern Yeniseian		False	30	*blood	946	BLOOD	sur	sur	s u r	false
9	EIGHTEENTH_CENTURY_KET-31-1	EIGHTEENTH_CENTURY_KET	EIGHTEENTH_CENTURY_KET	*eighteenth_century_ket	Ket	Yeniseian	Northern Yeniseian		False	31	*bone	1394	BONE	at	at	ɐ t	false
10	KET-31-1	KET	KET	kett1243	Ket	Yeniseian	Northern Yeniseian		False	31	*bone	1394	BONE	at	at	ɐ t	false
11	YUGH-31-1	YUGH	YUGH	yugh1239	Yugh	Yeniseian	Northern Yeniseian		False	31	*bone	1394	BONE	a7t	a7t	ɐ ʔ t	false
12	EIGHTEENTH_CENTURY_KET-51-1	EIGHTEENTH_CENTURY_KET	EIGHTEENTH_CENTURY_KET	*eighteenth_century_ket	Ket	Yeniseian	Northern Yeniseian		False	51	*breasts	1402	BREAST	mam	mam	m ɐ m	false
13	EIGHTEENTH_CENTURY_KET-51-2	EIGHTEENTH_CENTURY_KET	EIGHTEENTH_CENTURY_KET	*eighteenth_century_ket	Ket	Yeniseian	Northern Yeniseian		False	51	*breasts	1402	BREAST	toga	toga	t o g ɐ	false
14	EIGHTEENTH_CENTURY_KET-51-3	EIGHTEENTH_CENTURY_KET	EIGHTEENTH_CENTURY_KET	*eighteenth_century_ket	Ket	Yeniseian	Northern Yeniseian		False	51	*breasts	1402	BREAST	togga	togga	t o g g ɐ	false
15	KET-51-1	KET	KET	kett1243	Ket	Yeniseian	Northern Yeniseian		False	51	*breasts	1402	BREAST	mam	mam	m ɐ m	false
16	YUGH-51-1	YUGH	YUGH	yugh1239	Yugh	Yeniseian	Northern Yeniseian		False	51	*breasts	1402	BREAST	ma7m	ma7m	m ɐ ʔ m	false
17	KET-66-1	KET	KET	kett1243	Ket	Yeniseian	Northern Yeniseian		False	66	*come	1446	COME	igbEs	igbEs	i g b a s	false
18	YUGH-66-1	YUGH	YUGH	yugh1239	Yugh	Yeniseian	Northern Yeniseian		False	66	*come	1446	COME	d7i	d7i	d ʔ i	false
19	KET-61-1	KET	KET	kett1243	Ket	Yeniseian	Northern Yeniseian		False	61	*die	1494	DIE	qorEN	qorEN	q o r a ŋ	false
20	YUGH-61-1	YUGH	YUGH	yugh1239	Yugh	Yeniseian	Northern Yeniseian		False	61	*die	1494	DIE	XodeN	XodeN	χ o d e ŋ	false
21	EIGHTEENTH_CENTURY_KET-21-1	EIGHTEENTH_CENTURY_KET	EIGHTEENTH_CENTURY_KET	*eighteenth_century_ket	Ket	Yeniseian	Northern Yeniseian		False	21	*dog	2009	DOG	Cip	Cip	tʃ i p	false
22	EIGHTEENTH_CENTURY_KET-21-2	EIGHTEENTH_CENTURY_KET	EIGHTEENTH_CENTURY_KET	*eighteenth_century_ket	Ket	Yeniseian	Northern Yeniseian		False	21	*dog	2009	DOG	tip	tip	t i p	false
23	KET-21-1	KET	KET	kett1243	Ket	Yeniseian	Northern Yeniseian		False	21	*dog	2009	DOG	tip	tip	t i p	false
24	YUGH-21-1	YUGH	YUGH	yugh1239	Yugh	Yeniseian	Northern Yeniseian		False	21	*dog	2009	DOG	Cip	Cip	tʃ i p	false
25	EIGHTEENTH_CENTURY_KET-54-1	EIGHTEENTH_CENTURY_KET	EIGHTEENTH_CENTURY_KET	*eighteenth_century_ket	Ket	Yeniseian	Northern Yeniseian		False	54	*drink	1401	DRINK	duledop	duledop	d u l e d o p	false
26	EIGHTEENTH_CENTURY_KET-54-2	EIGHTEENTH_CENTURY_KET	EIGHTEENTH_CENTURY_KET	*eighteenth_century_ket	Ket	Yeniseian	Northern Yeniseian		False	54	*drink	1401	DRINK	dul7udo	dul7udo	d u l ʔ u d o	false
27	EIGHTEENTH_CENTURY_KET-54-3	EIGHTEENTH_CENTURY_KET	EIGHTEENTH_CENTURY_KET	*eighteenth_century_ket	Ket	Yeniseian	Northern Yeniseian		False	54	*drink	1401	DRINK	duredop	duredop	d u r e d o p	false
28	EIGHTEENTH_CENTURY_KET-54-4	EIGHTEENTH_CENTURY_KET	EIGHTEENTH_CENTURY_KET	*eighteenth_century_ket	Ket	Yeniseian	Northern Yeniseian		False	54	*drink	1401	DRINK	d7ul7udo	d7ul7udo	d ʔ u l ʔ u d o	false
29	KET-54-1	KET	KET	kett1243	Ket	Yeniseian	Northern Yeniseian		False	54	*drink	1401	DRINK	dop	dop	d o p	false
30	YUGH-54-1	YUGH	YUGH	yugh1239	Yugh	Yeniseian	Northern Yeniseian		False	54	*drink	1401	DRINK	udop	udop	u d o p	false
31	EIGHTEENTH_CENTURY_KET-39-1	EIGHTEENTH_CENTURY_KET	EIGHTEENTH_CENTURY_KET	*eighteenth_century_ket	Ket	Yeniseian	Northern Yeniseian		False	39	*ear	1247	EAR	hokten	hokten	h o k t e n	false
32	EIGHTEENTH_CENTURY_KET-39-2	EIGHTEENTH_CENTURY_KET	EIGHTEENTH_CENTURY_KET	*eighteenth_century_ket	Ket	Yeniseian	Northern Yeniseian		False	39	*ear	1247	EAR	okd	okd	o k d	false
33	EIGHTEENTH_CENTURY_KET-39-3	EIGHTEENTH_CENTURY_KET	EIGHTEENTH_CENTURY_KET	*eighteenth_century_ket	Ket	Yeniseian	Northern Yeniseian		False	39	*ear	1247	EAR	okden	okden	o k d e n	false
34	KET-39-1	KET	KET	kett1243	Ket	Yeniseian	Northern Yeniseian		False	39	*ear	1247	EAR	ogd	ogd	o g d	false
35	YUGH-39-1	YUGH	YUGH	yugh1239	Yugh	Yeniseian	Northern Yeniseian		False	39	*ear	1247	EAR	oXti	oXti	o χ t i	false
36	EIGHTEENTH_CENTURY_KET-40-1	EIGHTEENTH_CENTURY_KET	EIGHTEENTH_CENTURY_KET	*eighteenth_century_ket	Ket	Yeniseian	Northern Yeniseian		False	40	*eye	1248	EYE	des	des	d e s	false
37	KET-40-1	KET	KET	kett1243	Ket	Yeniseian	Northern Yeniseian		False	40	*eye	1248	EYE	des	des	d e s	false
38	YUGH-40-1	YUGH	YUGH	yugh1239	Yugh	Yeniseian	Northern Yeniseian		False	40	*eye	1248	EYE	des	des	d e s	false
39	EIGHTEENTH_CENTURY_KET-82-1	EIGHTEENTH_CENTURY_KET	EIGHTEENTH_CENTURY_KET	*eighteenth_century_ket	Ket	Yeniseian	Northern Yeniseian		False	82	*fire	221	FIRE	bok	bok	b o k	false
40	KET-82-1	KET	KET	kett1243	Ket	Yeniseian	Northern Yeniseian		False	82	*fire	221	FIRE	bok	bok	b o k	false
41	YUGH-82-1	YUGH	YUGH	yugh1239	Yugh	Yeniseian	Northern Yeniseian		False	82	*fire	221	FIRE	bo7k	bo7k	b o ʔ k	false
42	EIGHTEENTH_CENTURY_KET-19-1	EIGHTEENTH_CENTURY_KET	EIGHTEENTH_CENTURY_KET	*eighteenth_century_ket	Ket	Yeniseian	Northern Yeniseian		False	19	*fish	227	FISH	ise	ise	i s e	false
43	EIGHTEENTH_CENTURY_KET-19-2	EIGHTEENTH_CENTURY_KET	EIGHTEENTH_CENTURY_KET	*eighteenth_century_ket	Ket	Yeniseian	Northern Yeniseian		False	19	*fish	227	FISH	isi	isi	i s i	false
44	EIGHTEENTH_CENTURY_KET-19-3	EIGHTEENTH_CENTURY_KET	EIGHTEENTH_CENTURY_KET	*eighteenth_century_ket	Ket	Yeniseian	Northern Yeniseian		False	19	*fish	227	FISH	yisa	yisa	j i s ɐ	false
45	KET-19-1	KET	KET	kett1243	Ket	Yeniseian	Northern Yeniseian		False	19	*fish	227	FISH	is	is	i s	false
46	YUGH-19-1	YUGH	YUGH	yugh1239	Yugh	Yeniseian	Northern Yeniseian		False	19	*fish	227	FISH	is	is	i s	false
47	KET-95-1	KET	KET	kett1243	Ket	Yeniseian	Northern Yeniseian		False	95	*full	1429	FULL	ut	ut	u t	false
48	YUGH-95-1	YUGH	YUGH	yugh1239	Yugh	Yeniseian	Northern Yeniseian		False	95	*full	1429	FULL	polon	polon	p o l o n	true
49	EIGHTEENTH_CENTURY_KET-48-1	EIGHTEENTH_CENTURY_KET	EIGHTEENTH_CENTURY_KET	*eighteenth_century_ket	Ket	Yeniseian	Northern Yeniseian		False	48	*hand	1277	HAND	gomblaC	gomblaC	g o m b l ɐ tʃ	false
50	EIGHTEENTH_CENTURY_KET-48-2	EIGHTEENTH_CENTURY_KET	EIGHTEENTH_CENTURY_KET	*eighteenth_century_ket	Ket	Yeniseian	Northern Yeniseian		False	48	*hand	1277	HAND	togon	togon	t o g o n	false
51	EIGHTEENTH_CENTURY_KET-48-3	EIGHTEENTH_CENTURY_KET	EIGHTEENTH_CENTURY_KET	*eighteenth_century_ket	Ket	Yeniseian	Northern Yeniseian		False	48	*hand	1277	HAND	togan	togan	t o g ɐ n	false
52	EIGHTEENTH_CENTURY_KET-48-4	EIGHTEENTH_CENTURY_KET	EIGHTEENTH_CENTURY_KET	*eighteenth_century_ket	Ket	Yeniseian	Northern Yeniseian		False	48	*hand	1277	HAND	ila	ila	i l ɐ	false
53	EIGHTEENTH_CENTURY_KET-48-5	EIGHTEENTH_CENTURY_KET	EIGHTEENTH_CENTURY_KET	*eighteenth_century_ket	Ket	Yeniseian	Northern Yeniseian		False	48	*hand	1277	HAND	ilE	ilE	i l a	false
54	KET-48-1	KET	KET	kett1243	Ket	Yeniseian	Northern Yeniseian		False	48	*hand	1277	HAND	h3Nn	h3Nn	h ə ŋ n	false
55	YUGH-48-1	YUGH	YUGH	yugh1239	Yugh	Yeniseian	Northern Yeniseian		False	48	*hand	1277	HAND	bi7N	bi7N	b i ʔ ŋ	false
56	KET-58-1	KET	KET	kett1243	Ket	Yeniseian	Northern Yeniseian		False	58	*hear	1408	HEAR	Eksaq	Eksaq	a k s ɐ q	false
57	YUGH-58-1	YUGH	YUGH	yugh1239	Yugh	Yeniseian	Northern Yeniseian		False	58	*hear	1408	HEAR	de	de	d e	false
58	EIGHTEENTH_CENTURY_KET-34-1	EIGHTEENTH_CENTURY_KET	EIGHTEENTH_CENTURY_KET	*eighteenth_century_ket	Ket	Yeniseian	Northern Yeniseian		False	34	*horn	1393	HORN (ANATOMY)	ko	ko	k o	false
59	EIGHTEENTH_CENTURY_KET-34-2	EIGHTEENTH_CENTURY_KET	EIGHTEENTH_CENTURY_KET	*eighteenth_century_ket	Ket	Yeniseian	Northern Yeniseian		False	34	*horn	1393	HORN (ANATOMY)	tegon	tegon	t e g o n	false
60	KET-34-1	KET	KET	kett1243	Ket	Yeniseian	Northern Yeniseian		False	34	*horn	1393	HORN (ANATOMY)	qo7	qo7	q o ʔ	false
61	YUGH-34-1	YUGH	YUGH	yugh1239	Yugh	Yeniseian	Northern Yeniseian		False	34	*horn	1393	HORN (ANATOMY)	Xo7n	Xo7n	χ o ʔ n	false
62	EIGHTEENTH_CENTURY_KET-47-1	EIGHTEENTH_CENTURY_KET	EIGHTEENTH_CENTURY_KET	*eighteenth_century_ket	Ket	Yeniseian	Northern Yeniseian		False	47	*knee	1371	KNEE	badpilaN	badpilaN	b ɐ d p i l ɐ ŋ	false
63	EIGHTEENTH_CENTURY_KET-47-2	EIGHTEENTH_CENTURY_KET	EIGHTEENTH_CENTURY_KET	*eighteenth_century_ket	Ket	Yeniseian	Northern Yeniseian		False	47	*knee	1371	KNEE	batul	batul	b ɐ t u l	false
64	KET-47-1	KET	KET	kett1243	Ket	Yeniseian	Northern Yeniseian		False	47	*knee	1371	KNEE	batpul	batpul	b ɐ t p u l	false
65	YUGH-47-1	YUGH	YUGH	yugh1239	Yugh	Yeniseian	Northern Yeniseian		False	47	*knee	1371	KNEE	batpi	batpi	b ɐ t p i	false
66	EIGHTEENTH_CENTURY_KET-25-1	EIGHTEENTH_CENTURY_KET	EIGHTEENTH_CENTURY_KET	*eighteenth_century_ket	Ket	Yeniseian	Northern Yeniseian		False	25	*leaf	628	LEAF	ahun	ahun	ɐ h u n	false
67	EIGHTEENTH_CENTURY_KET-25-2	EIGHTEENTH_CENTURY_KET	EIGHTEENTH_CENTURY_KET	*eighteenth_century_ket	Ket	Yeniseian	Northern Yeniseian		False	25	*leaf	628	LEAF	ohaN	ohaN	o h ɐ ŋ	false
68	KET-25-1	KET	KET	kett1243	Ket	Yeniseian	Northern Yeniseian		False	25	*leaf	628	LEAF	3n	3n	ə n	false
69	YUGH-25-1	YUGH	YUGH	yugh1239	Yugh	Yeniseian	Northern Yeniseian		False	25	*leaf	628	LEAF	o	o	o	false
70	KET-53-1	KET	KET	kett1243	Ket	Yeniseian	Northern Yeniseian		False	53	*liver	1224	LIVER	seN	seN	s e ŋ	false
71	KET-22-1	KET	KET	kett1243	Ket	Yeniseian	Northern Yeniseian		False	22	*louse	1392	LOUSE	3x	3x	ə x	false
72	YUGH-22-1	YUGH	YUGH	yugh1239	Yugh	Yeniseian	Northern Yeniseian		False	22	*louse	1392	LOUSE	ohk	ohk	o h k	false
73	EIGHTEENTH_CENTURY_KET-86-1	EIGHTEENTH_CENTURY_KET	EIGHTEENTH_CENTURY_KET	*eighteenth_century_ket	Ket	Yeniseian	Northern Yeniseian		False	86	*mountain	639	MOUNTAIN	kay	kay	k ɐ j	false
74	EIGHTEENTH_CENTURY_KET-86-2	EIGHTEENTH_CENTURY_KET	EIGHTEENTH_CENTURY_KET	*eighteenth_century_ket	Ket	Yeniseian	Northern Yeniseian		False	86	*mountain	639	MOUNTAIN	tinil7ap	tinil7ap	t i n i l ʔ ɐ p	false
75	KET-86-1	KET	KET	kett1243	Ket	Yeniseian	Northern Yeniseian		False	86	*mountain	639	MOUNTAIN	qay	qay	q ɐ j	false
76	YUGH-86-1	YUGH	YUGH	yugh1239	Yugh	Yeniseian	Northern Yeniseian		False	86	*mountain	639	MOUNTAIN	xa7y	xa7y	x ɐ ʔ j	false
77	YUGH-100-1	YUGH	YUGH	yugh1239	Yugh	Yeniseian	Northern Yeniseian		False	100	*name	1405	NAME	i	i	i	false
78	KET-96-1	KET	KET	kett1243	Ket	Yeniseian	Northern Yeniseian		False	96	*new	1231	NEW	ki7	ki7	k i ʔ	false
79	YUGH-96-1	YUGH	YUGH	yugh1239	Yugh	Yeniseian	Northern Yeniseian		False	96	*new	1231	NEW	tuli m	tuli m	t u l i m	false
80	YUGH-96-2	YUGH	YUGH	yugh1239	Yugh	Yeniseian	Northern Yeniseian		False	96	*new	1231	NEW	ki7	ki7	k i ʔ	false
81	EIGHTEENTH_CENTURY_KET-92-1	EIGHTEENTH_CENTURY_KET	EIGHTEENTH_CENTURY_KET	*eighteenth_century_ket	Ket	Yeniseian	Northern Yeniseian		False	92	*night	1233	NIGHT	si	si	s i	false
82	EIGHTEENTH_CENTURY_KET-92-2	EIGHTEENTH_CENTURY_KET	EIGHTEENTH_CENTURY_KET	*eighteenth_century_ket	Ket	Yeniseian	Northern Yeniseian		False	92	*night	1233	NIGHT	siy	siy	s i j	false
83	KET-92-1	KET	KET	kett1243	Ket	Yeniseian	Northern Yeniseian		False	92	*night	1233	NIGHT	si	si	s i	false
84	YUGH-92-1	YUGH	YUGH	yugh1239	Yugh	Yeniseian	Northern Yeniseian		False	92	*night	1233	NIGHT	si	si	s i	false
85	EIGHTEENTH_CENTURY_KET-41-1	EIGHTEENTH_CENTURY_KET	EIGHTEENTH_CENTURY_KET	*eighteenth_century_ket	Ket	Yeniseian	Northern Yeniseian		False	41	*nose	1221	NOSE	olen	olen	o l e n	false
86	EIGHTEENTH_CENTURY_KET-41-2	EIGHTEENTH_CENTURY_KET	EIGHTEENTH_CENTURY_KET	*eighteenth_century_ket	Ket	Yeniseian	Northern Yeniseian		False	41	*nose	1221	NOSE	olgen	olgen	o l g e n	false
87	EIGHTEENTH_CENTURY_KET-41-3	EIGHTEENTH_CENTURY_KET	EIGHTEENTH_CENTURY_KET	*eighteenth_century_ket	Ket	Yeniseian	Northern Yeniseian		False	41	*nose	1221	NOSE	oln	oln	o l n	false
88	KET-41-1	KET	KET	kett1243	Ket	Yeniseian	Northern Yeniseian		False	41	*nose	1221	NOSE	oln	oln	o l n	false
89	YUGH-41-1	YUGH	YUGH	yugh1239	Yugh	Yeniseian	Northern Yeniseian		False	41	*nose	1221	NOSE	oli	oli	o l i	false
90	EIGHTEENTH_CENTURY_KET-11-1	EIGHTEENTH_CENTURY_KET	EIGHTEENTH_CENTURY_KET	*eighteenth_century_ket	Ket	Yeniseian	Northern Yeniseian		False	11	*one	1493	ONE	kus7am	kus7am	k u s ʔ ɐ m	false
91	EIGHTEENTH_CENTURY_KET-11-2	EIGHTEENTH_CENTURY_KET	EIGHTEENTH_CENTURY_KET	*eighteenth_century_ket	Ket	Yeniseian	Northern Yeniseian		False	11	*one	1493	ONE	Xusam	Xusam	χ u s ɐ m	false
92	EIGHTEENTH_CENTURY_KET-11-3	EIGHTEENTH_CENTURY_KET	EIGHTEENTH_CENTURY_KET	*eighteenth_century_ket	Ket	Yeniseian	Northern Yeniseian		False	11	*one	1493	ONE	Xuzam	Xuzam	χ u z ɐ m	false
93	EIGHTEENTH_CENTURY_KET-11-4	EIGHTEENTH_CENTURY_KET	EIGHTEENTH_CENTURY_KET	*eighteenth_century_ket	Ket	Yeniseian	Northern Yeniseian		False	11	*one	1493	ONE	Xuzem	Xuzem	χ u z e m	false
94	KET-11-1	KET	KET	kett1243	Ket	Yeniseian	Northern Yeniseian		False	11	*one	1493	ONE	qus	qus	q u s	false
95	KET-11-2	KET	KET	kett1243	Ket	Yeniseian	Northern Yeniseian		False	11	*one	1493	ONE	qok	qok	q o k	false
96	YUGH-11-1	YUGH	YUGH	yugh1239	Yugh	Yeniseian	Northern Yeniseian		False	11	*one	1493	ONE	Xuse	Xuse	χ u s e	false
97	EIGHTEENTH_CENTURY_KET-85-1	EIGHTEENTH_CENTURY_KET	EIGHTEENTH_CENTURY_KET	*eighteenth_century_ket	Ket	Yeniseian	Northern Yeniseian		False	85	*path	2252	PATH	Xot	Xot	χ o t	false
98	KET-85-1	KET	KET	kett1243	Ket	Yeniseian	Northern Yeniseian		False	85	*path	2252	PATH	kulte	kulte	k u l t e	false
99	YUGH-85-1	YUGH	YUGH	yugh1239	Yugh	Yeniseian	Northern Yeniseian		False	85	*path	2252	PATH	Xo7t	Xo7t	χ o ʔ t	false
100	EIGHTEENTH_CENTURY_KET-18-1	EIGHTEENTH_CENTURY_KET	EIGHTEENTH_CENTURY_KET	*eighteenth_century_ket	Ket	Yeniseian	Northern Yeniseian		False	18	*person	683	PERSON	ket	ket	k e t	false
101	KET-18-1	KET	KET	kett1243	Ket	Yeniseian	Northern Yeniseian		False	18	*person	683	PERSON	ket	ket	k e t	false
102	YUGH-18-1	YUGH	YUGH	yugh1239	Yugh	Yeniseian	Northern Yeniseian		False	18	*person	683	PERSON	ke7t	ke7t	k e ʔ t	false
103	KET-57-1	KET	KET	kett1243	Ket	Yeniseian	Northern Yeniseian		False	57	*see	1409	SEE	ditoN	ditoN	d i t o ŋ	false
104	YUGH-57-1	YUGH	YUGH	yugh1239	Yugh	Yeniseian	Northern Yeniseian		False	57	*see	1409	SEE	oN	oN	o ŋ	false
105	EIGHTEENTH_CENTURY_KET-28-1	EIGHTEENTH_CENTURY_KET	EIGHTEENTH_CENTURY_KET	*eighteenth_century_ket	Ket	Yeniseian	Northern Yeniseian		False	28	*skin	763	SKIN	seldey	seldey	s e l d e j	false
106	KET-28-1	KET	KET	kett1243	Ket	Yeniseian	Northern Yeniseian		False	28	*skin	763	SKIN	iNolt	iNolt	i ŋ o l t	false
107	YUGH-28-1	YUGH	YUGH	yugh1239	Yugh	Yeniseian	Northern Yeniseian		False	28	*skin	763	SKIN	igol	igol	i g o l	false
108	EIGHTEENTH_CENTURY_KET-74-1	EIGHTEENTH_CENTURY_KET	EIGHTEENTH_CENTURY_KET	*eighteenth_century_ket	Ket	Yeniseian	Northern Yeniseian		False	74	*star	1430	STAR	kago	kago	k ɐ g o	false
109	EIGHTEENTH_CENTURY_KET-74-2	EIGHTEENTH_CENTURY_KET	EIGHTEENTH_CENTURY_KET	*eighteenth_century_ket	Ket	Yeniseian	Northern Yeniseian		False	74	*star	1430	STAR	ko	ko	k o	false
110	EIGHTEENTH_CENTURY_KET-74-3	EIGHTEENTH_CENTURY_KET	EIGHTEENTH_CENTURY_KET	*eighteenth_century_ket	Ket	Yeniseian	Northern Yeniseian		False	74	*star	1430	STAR	koago	koago	k o ɐ g o	false
111	EIGHTEENTH_CENTURY_KET-74-4	EIGHTEENTH_CENTURY_KET	EIGHTEENTH_CENTURY_KET	*eighteenth_century_ket	Ket	Yeniseian	Northern Yeniseian		False	74	*star	1430	STAR	kogo	kogo	k o g o	false
112	EIGHTEENTH_CENTURY_KET-74-5	EIGHTEENTH_CENTURY_KET	EIGHTEENTH_CENTURY_KET	*eighteenth_century_ket	Ket	Yeniseian	Northern Yeniseian		False	74	*star	1430	STAR	Xogen	Xogen	χ o g e n	false
113	EIGHTEENTH_CENTURY_KET-74-6	EIGHTEENTH_CENTURY_KET	EIGHTEENTH_CENTURY_KET	*eighteenth_century_ket	Ket	Yeniseian	Northern Yeniseian		False	74	*star	1430	STAR	Xogh~	Xogh~	χ o gʰ	false
114	KET-74-1	KET	KET	kett1243	Ket	Yeniseian	Northern Yeniseian		False	74	*star	1430	STAR	qoX	qoX	q o χ	false
115	YUGH-74-1	YUGH	YUGH	yugh1239	Yugh	Yeniseian	Northern Yeniseian		False	74	*star	1430	STAR	qo7	qo7	q o ʔ	false
116	YUGH-74-2	YUGH	YUGH	yugh1239	Yugh	Yeniseian	Northern Yeniseian		False	74	*star	1430	STAR	qor	qor	q o r	false
117	EIGHTEENTH_CENTURY_KET-77-1	EIGHTEENTH_CENTURY_KET	EIGHTEENTH_CENTURY_KET	*eighteenth_century_ket	Ket	Yeniseian	Northern Yeniseian		False	77	*stone	857	STONE	Cigs	Cigs	tʃ i g s	false
118	EIGHTEENTH_CENTURY_KET-77-2	EIGHTEENTH_CENTURY_KET	EIGHTEENTH_CENTURY_KET	*eighteenth_century_ket	Ket	Yeniseian	Northern Yeniseian		False	77	*stone	857	STONE	tus	tus	t u s	false
119	EIGHTEENTH_CENTURY_KET-77-3	EIGHTEENTH_CENTURY_KET	EIGHTEENTH_CENTURY_KET	*eighteenth_century_ket	Ket	Yeniseian	Northern Yeniseian		False	77	*stone	857	STONE	ties	ties	t i e s	false
120	EIGHTEENTH_CENTURY_KET-77-4	EIGHTEENTH_CENTURY_KET	EIGHTEENTH_CENTURY_KET	*eighteenth_century_ket	Ket	Yeniseian	Northern Yeniseian		False	77	*stone	857	STONE	tis	tis	t i s	false
121	KET-77-1	KET	KET	kett1243	Ket	Yeniseian	Northern Yeniseian		False	77	*stone	857	STONE	t3s	t3s	t ə s	false
122	YUGH-77-1	YUGH	YUGH	yugh1239	Yugh	Yeniseian	Northern Yeniseian		False	77	*stone	857	STONE	Ci 7s	Ci 7s	tʃ i ʔ s	false
123	EIGHTEENTH_CENTURY_KET-72-1	EIGHTEENTH_CENTURY_KET	EIGHTEENTH_CENTURY_KET	*eighteenth_century_ket	Ket	Yeniseian	Northern Yeniseian		False	72	*sun	1343	SUN	i	i	i	false
124	EIGHTEENTH_CENTURY_KET-72-2	EIGHTEENTH_CENTURY_KET	EIGHTEENTH_CENTURY_KET	*eighteenth_century_ket	Ket	Yeniseian	Northern Yeniseian		False	72	*sun	1343	SUN	iy	iy	i j	false
125	YUGH-72-1	YUGH	YUGH	yugh1239	Yugh	Yeniseian	Northern Yeniseian		False	72	*sun	1343	SUN	i	i	i	false
126	EIGHTEENTH_CENTURY_KET-44-1	EIGHTEENTH_CENTURY_KET	EIGHTEENTH_CENTURY_KET	*eighteenth_century_ket	Ket	Yeniseian	Northern Yeniseian		False	44	*tongue	1205	TONGUE	ey	ey	e j	false
127	EIGHTEENTH_CENTURY_KET-44-2	EIGHTEENTH_CENTURY_KET	EIGHTEENTH_CENTURY_KET	*eighteenth_century_ket	Ket	Yeniseian	Northern Yeniseian		False	44	*tongue	1205	TONGUE	ii	ii	i i	false
128	KET-44-1	KET	KET	kett1243	Ket	Yeniseian	Northern Yeniseian		False	44	*tongue	1205	TONGUE	ey	ey	e j	false
129	YUGH-44-1	YUGH	YUGH	yugh1239	Yugh	Yeniseian	Northern Yeniseian		False	44	*tongue	1205	TONGUE	ej	ej	e dʒ	false
130	KET-43-1	KET	KET	kett1243	Ket	Yeniseian	Northern Yeniseian		False	43	*tooth	1380	TOOTH	it	it	i t	false
131	YUGH-43-1	YUGH	YUGH	yugh1239	Yugh	Yeniseian	Northern Yeniseian		False	43	*tooth	1380	TOOTH	iht	iht	i h t	false
132	EIGHTEENTH_CENTURY_KET-23-1	EIGHTEENTH_CENTURY_KET	EIGHTEENTH_CENTURY_KET	*eighteenth_century_ket	Ket	Yeniseian	Northern Yeniseian		False	23	*tree	906	TREE	oksa	oksa	o k s ɐ	false
133	EIGHTEENTH_CENTURY_KET-23-2	EIGHTEENTH_CENTURY_KET	EIGHTEENTH_CENTURY_KET	*eighteenth_century_ket	Ket	Yeniseian	Northern Yeniseian		False	23	*tree	906	TREE	okse	okse	o k s e	false
134	EIGHTEENTH_CENTURY_KET-23-3	EIGHTEENTH_CENTURY_KET	EIGHTEENTH_CENTURY_KET	*eighteenth_century_ket	Ket	Yeniseian	Northern Yeniseian		False	23	*tree	906	TREE	oks	oks	o k s	false
135	KET-23-1	KET	KET	kett1243	Ket	Yeniseian	Northern Yeniseian		False	23	*tree	906	TREE	oks	oks	o k s	false
136	YUGH-23-1	YUGH	YUGH	yugh1239	Yugh	Yeniseian	Northern Yeniseian		False	23	*tree	906	TREE	oksi	oksi	o k s i	false
137	EIGHTEENTH_CENTURY_KET-12-1	EIGHTEENTH_CENTURY_KET	EIGHTEENTH_CENTURY_KET	*eighteenth_century_ket	Ket	Yeniseian	Northern Yeniseian		False	12	*two	1498	TWO	in7am	in7am	i n ʔ ɐ m	false
138	KET-12-1	KET	KET	kett1243	Ket	Yeniseian	Northern Yeniseian		False	12	*two	1498	TWO	un	un	u n	false
139	YUGH-12-1	YUGH	YUGH	yugh1239	Yugh	Yeniseian	Northern Yeniseian		False	12	*two	1498	TWO	i ne	i ne	i n e	false
140	EIGHTEENTH_CENTURY_KET-75-1	EIGHTEENTH_CENTURY_KET	EIGHTEENTH_CENTURY_KET	*eighteenth_century_ket	Ket	Yeniseian	Northern Yeniseian		False	75	*water	948	WATER	ul	ul	u l	false
141	EIGHTEENTH_CENTURY_KET-75-2	EIGHTEENTH_CENTURY_KET	EIGHTEENTH_CENTURY_KET	*eighteenth_century_ket	Ket	Yeniseian	Northern Yeniseian		False	75	*water	948	WATER	ul7	ul7	u l ʔ	false
142	EIGHTEENTH_CENTURY_KET-75-3	EIGHTEENTH_CENTURY_KET	EIGHTEENTH_CENTURY_KET	*eighteenth_century_ket	Ket	Yeniseian	Northern Yeniseian		False	75	*water	948	WATER	ur	ur	u r	false
143	KET-75-1	KET	KET	kett1243	Ket	Yeniseian	Northern Yeniseian		False	75	*water	948	WATER	ul	ul	u l	false
144	YUGH-75-1	YUGH	YUGH	yugh1239	Yugh	Yeniseian	Northern Yeniseian		False	75	*water	948	WATER	ur	ur	u r	false
145	EIGHTEENTH_CENTURY_KET-3-1	EIGHTEENTH_CENTURY_KET	EIGHTEENTH_CENTURY_KET	*eighteenth_century_ket	Ket	Yeniseian	Northern Yeniseian		False	3	*we	1212	WE	Etin	Etin	a t i n	false
146	EIGHTEENTH_CENTURY_KET-3-2	EIGHTEENTH_CENTURY_KET	EIGHTEENTH_CENTURY_KET	*eighteenth_century_ket	Ket	Yeniseian	Northern Yeniseian		False	3	*we	1212	WE	otten	otten	o t t e n	false
147	KET-3-1	KET	KET	kett1243	Ket	Yeniseian	Northern Yeniseian		False	3	*we	1212	WE	3tn	3tn	ə t n	false
148	YUGH-3-1	YUGH	YUGH	yugh1239	Yugh	Yeniseian	Northern Yeniseian		False	3	*we	1212	WE	3tn	3tn	ə t n	false
149	EIGHTEENTH_CENTURY_KET-2-1	EIGHTEENTH_CENTURY_KET	EIGHTEENTH_CENTURY_KET	*eighteenth_century_ket	Ket	Yeniseian	Northern Yeniseian		False	2	*you	1215	THOU	u	u	u	false
150	YUGH-2-1	YUGH	YUGH	yugh1239	Yugh	Yeniseian	Northern Yeniseian		False	2	*you	1215	THOU	u	u	u	false
151	ASSAN-1-1	ASSAN	ASSAN	kott1239	Kott-Assan	Yeniseian	Southern Yeniseian		False	1	*I	1209	I	ay	ay	ɐ j	false
152	ASSAN-1-2	ASSAN	ASSAN	kott1239	Kott-Assan	Yeniseian	Southern Yeniseian		False	1	*I	1209	I	ya	ya	j ɐ	false
153	KOTT-1-1	KOTT	KOTT	kott1239	Kott-Assan	Yeniseian	Southern Yeniseian		False	1	*I	1209	I	ay	ay	ɐ j	false
154	KOTT-1-2	KOTT	KOTT	kott1239	Kott-Assan	Yeniseian	Southern Yeniseian		False	1	*I	1209	I	ya	ya	j ɐ	false
155	KOTT-30-1	KOTT	KOTT	kott1239	Kott-Assan	Yeniseian	Southern Yeniseian		False	30	*blood	946	BLOOD	Sur	Sur	ʃ u r	false
156	KOTT-31-1	KOTT	KOTT	kott1239	Kott-Assan	Yeniseian	Southern Yeniseian		False	31	*bone	1394	BONE	hau	hau	h ɐ u	false
157	ASSAN-51-1	ASSAN	ASSAN	kott1239	Kott-Assan	Yeniseian	Southern Yeniseian		False	51	*breasts	1402	BREAST	pa	pa	p ɐ	false
158	KOTT-51-1	KOTT	KOTT	kott1239	Kott-Assan	Yeniseian	Southern Yeniseian		False	51	*breasts	1402	BREAST	pfa	pfa	p f ɐ	false
159	KOTT-51-2	KOTT	KOTT	kott1239	Kott-Assan	Yeniseian	Southern Yeniseian		False	51	*breasts	1402	BREAST	Xanti	Xanti	χ ɐ n t i	false
160	KOTT-66-1	KOTT	KOTT	kott1239	Kott-Assan	Yeniseian	Southern Yeniseian		False	66	*come	1446	COME	itojaN	itojaN	i t o dʒ ɐ ŋ	false
161	KOTT-61-1	KOTT	KOTT	kott1239	Kott-Assan	Yeniseian	Southern Yeniseian		False	61	*die	1494	DIE	xa	xa	x ɐ	false
162	KOTT-61-2	KOTT	KOTT	kott1239	Kott-Assan	Yeniseian	Southern Yeniseian		False	61	*die	1494	DIE	qa	qa	q ɐ	false
163	ASSAN-21-1	ASSAN	ASSAN	kott1239	Kott-Assan	Yeniseian	Southern Yeniseian		False	21	*dog	2009	DOG	alCip	alCip	ɐ l tʃ i p	false
164	ASSAN-21-2	ASSAN	ASSAN	kott1239	Kott-Assan	Yeniseian	Southern Yeniseian		False	21	*dog	2009	DOG	alSip	alSip	ɐ l ʃ i p	false
165	KOTT-21-1	KOTT	KOTT	kott1239	Kott-Assan	Yeniseian	Southern Yeniseian		False	21	*dog	2009	DOG	alCip	alCip	ɐ l tʃ i p	false
166	ASSAN-54-1	ASSAN	ASSAN	kott1239	Kott-Assan	Yeniseian	Southern Yeniseian		False	54	*drink	1401	DRINK	ulapunay	ulapunay	u l ɐ p u n ɐ j	false
167	ASSAN-54-2	ASSAN	ASSAN	kott1239	Kott-Assan	Yeniseian	Southern Yeniseian		False	54	*drink	1401	DRINK	ulabunay	ulabunay	u l ɐ b u n ɐ j	false
168	KOTT-54-1	KOTT	KOTT	kott1239	Kott-Assan	Yeniseian	Southern Yeniseian		False	54	*drink	1401	DRINK	olap	olap	o l ɐ p	false
169	KOTT-54-2	KOTT	KOTT	kott1239	Kott-Assan	Yeniseian	Southern Yeniseian		False	54	*drink	1401	DRINK	opaN	opaN	o p ɐ ŋ	false
170	ASSAN-39-1	ASSAN	ASSAN	kott1239	Kott-Assan	Yeniseian	Southern Yeniseian		False	39	*ear	1247	EAR	klokan	klokan	k l o k ɐ n	false
171	ASSAN-39-2	ASSAN	ASSAN	kott1239	Kott-Assan	Yeniseian	Southern Yeniseian		False	39	*ear	1247	EAR	kologan	kologan	k o l o g ɐ n	false
172	KOTT-39-1	KOTT	KOTT	kott1239	Kott-Assan	Yeniseian	Southern Yeniseian		False	39	*ear	1247	EAR	kalogan	kalogan	k ɐ l o g ɐ n	false
173	KOTT-39-2	KOTT	KOTT	kott1239	Kott-Assan	Yeniseian	Southern Yeniseian		False	39	*ear	1247	EAR	kolog	kolog	k o l o g	false
174	ASSAN-40-1	ASSAN	ASSAN	kott1239	Kott-Assan	Yeniseian	Southern Yeniseian		False	40	*eye	1248	EYE	teS	teS	t e ʃ	false
175	ASSAN-40-2	ASSAN	ASSAN	kott1239	Kott-Assan	Yeniseian	Southern Yeniseian		False	40	*eye	1248	EYE	tiS	tiS	t i ʃ	false
176	KOTT-40-1	KOTT	KOTT	kott1239	Kott-Assan	Yeniseian	Southern Yeniseian		False	40	*eye	1248	EYE	teCagan	teCagan	t e tʃ ɐ g ɐ n	false
177	KOTT-40-2	KOTT	KOTT	kott1239	Kott-Assan	Yeniseian	Southern Yeniseian		False	40	*eye	1248	EYE	tes	tes	t e s	false
178	KOTT-40-3	KOTT	KOTT	kott1239	Kott-Assan	Yeniseian	Southern Yeniseian		False	40	*eye	1248	EYE	tieN	tieN	t i e ŋ	false
179	ASSAN-82-1	ASSAN	ASSAN	kott1239	Kott-Assan	Yeniseian	Southern Yeniseian		False	82	*fire	221	FIRE	hat	hat	h ɐ t	false
180	KOTT-82-1	KOTT	KOTT	kott1239	Kott-Assan	Yeniseian	Southern Yeniseian		False	82	*fire	221	FIRE	ot	ot	o t	false
181	KOTT-82-2	KOTT	KOTT	kott1239	Kott-Assan	Yeniseian	Southern Yeniseian		False	82	*fire	221	FIRE	Xot	Xot	χ o t	false
182	KOTT-82-3	KOTT	KOTT	kott1239	Kott-Assan	Yeniseian	Southern Yeniseian		False	82	*fire	221	FIRE	Xott	Xott	χ o t t	false
183	ASSAN-19-1	ASSAN	ASSAN	kott1239	Kott-Assan	Yeniseian	Southern Yeniseian		False	19	*fish	227	FISH	tig	tig	t i g	false
184	ASSAN-19-2	ASSAN	ASSAN	kott1239	Kott-Assan	Yeniseian	Southern Yeniseian		False	19	*fish	227	FISH	tik	tik	t i k	false
185	KOTT-19-1	KOTT	KOTT	kott1239	Kott-Assan	Yeniseian	Southern Yeniseian		False	19	*fish	227	FISH	teg	teg	t e g	false
186	KOTT-19-2	KOTT	KOTT	kott1239	Kott-Assan	Yeniseian	Southern Yeniseian		False	19	*fish	227	FISH	tig	tig	t i g	false
187	ASSAN-48-1	ASSAN	ASSAN	kott1239	Kott-Assan	Yeniseian	Southern Yeniseian		False	48	*hand	1277	HAND	henar	henar	h e n ɐ r	false
188	ASSAN-48-2	ASSAN	ASSAN	kott1239	Kott-Assan	Yeniseian	Southern Yeniseian		False	48	*hand	1277	HAND	kehar	kehar	k e h ɐ r	false
189	ASSAN-48-3	ASSAN	ASSAN	kott1239	Kott-Assan	Yeniseian	Southern Yeniseian		False	48	*hand	1277	HAND	keNar	keNar	k e ŋ ɐ r	false
190	KOTT-48-1	KOTT	KOTT	kott1239	Kott-Assan	Yeniseian	Southern Yeniseian		False	48	*hand	1277	HAND	henaran	henaran	h e n ɐ r ɐ n	false
191	KOTT-48-2	KOTT	KOTT	kott1239	Kott-Assan	Yeniseian	Southern Yeniseian		False	48	*hand	1277	HAND	keNaran	keNaran	k e ŋ ɐ r ɐ n	false
192	KOTT-48-3	KOTT	KOTT	kott1239	Kott-Assan	Yeniseian	Southern Yeniseian		False	48	*hand	1277	HAND	kenar	kenar	k e n ɐ r	false
193	KOTT-58-1	KOTT	KOTT	kott1239	Kott-Assan	Yeniseian	Southern Yeniseian		False	58	*hear	1408	HEAR	goloti	goloti	g o l o t i	false
194	KOTT-47-1	KOTT	KOTT	kott1239	Kott-Assan	Yeniseian	Southern Yeniseian		False	47	*knee	1371	KNEE	arSi	arSi	ɐ r ʃ i	false
195	ASSAN-25-1	ASSAN	ASSAN	kott1239	Kott-Assan	Yeniseian	Southern Yeniseian		False	25	*leaf	628	LEAF	gipan	gipan	g i p ɐ n	false
196	ASSAN-25-2	ASSAN	ASSAN	kott1239	Kott-Assan	Yeniseian	Southern Yeniseian		False	25	*leaf	628	LEAF	yipan	yipan	j i p ɐ n	false
197	KOTT-25-1	KOTT	KOTT	kott1239	Kott-Assan	Yeniseian	Southern Yeniseian		False	25	*leaf	628	LEAF	dibaN	dibaN	d i b ɐ ŋ	false
198	KOTT-25-2	KOTT	KOTT	kott1239	Kott-Assan	Yeniseian	Southern Yeniseian		False	25	*leaf	628	LEAF	iban	iban	i b ɐ n	false
199	KOTT-53-1	KOTT	KOTT	kott1239	Kott-Assan	Yeniseian	Southern Yeniseian		False	53	*liver	1224	LIVER	SiSil	SiSil	ʃ i ʃ i l	false
200	KOTT-22-1	KOTT	KOTT	kott1239	Kott-Assan	Yeniseian	Southern Yeniseian		False	22	*louse	1392	LOUSE	iki	iki	i k i	false
201	ASSAN-86-1	ASSAN	ASSAN	kott1239	Kott-Assan	Yeniseian	Southern Yeniseian		False	86	*mountain	639	MOUNTAIN	iy	iy	i j	false
202	ASSAN-86-2	ASSAN	ASSAN	kott1239	Kott-Assan	Yeniseian	Southern Yeniseian		False	86	*mountain	639	MOUNTAIN	yi	yi	j i	false
203	KOTT-86-1	KOTT	KOTT	kott1239	Kott-Assan	Yeniseian	Southern Yeniseian		False	86	*mountain	639	MOUNTAIN	dZi	dZi	d ʒ i	false
204	KOTT-86-2	KOTT	KOTT	kott1239	Kott-Assan	Yeniseian	Southern Yeniseian		False	86	*mountain	639	MOUNTAIN	dZiy	dZiy	d ʒ i j	false
205	KOTT-86-3	KOTT	KOTT	kott1239	Kott-Assan	Yeniseian	Southern Yeniseian		False	86	*mountain	639	MOUNTAIN	ggy	ggy	g g j	false
206	KOTT-86-4	KOTT	KOTT	kott1239	Kott-Assan	Yeniseian	Southern Yeniseian		False	86	*mountain	639	MOUNTAIN	paCai	paCai	p ɐ tʃ ɐ i	false
207	KOTT-96-1	KOTT	KOTT	kott1239	Kott-Assan	Yeniseian	Southern Yeniseian		False	96	*new	1231	NEW	ki	ki	k i	false
208	ASSAN-92-1	ASSAN	ASSAN	kott1239	Kott-Assan	Yeniseian	Southern Yeniseian		False	92	*night	1233	NIGHT	Sig	Sig	ʃ i g	false
209	KOTT-92-1	KOTT	KOTT	kott1239	Kott-Assan	Yeniseian	Southern Yeniseian		False	92	*night	1233	NIGHT	Sig	Sig	ʃ i g	false
210	ASSAN-41-1	ASSAN	ASSAN	kott1239	Kott-Assan	Yeniseian	Southern Yeniseian		False	41	*nose	1221	NOSE	aN	aN	ɐ ŋ	false
211	ASSAN-41-2	ASSAN	ASSAN	kott1239	Kott-Assan	Yeniseian	Southern Yeniseian		False	41	*nose	1221	NOSE	au	au	ɐ u	false
212	KOTT-41-1	KOTT	KOTT	kott1239	Kott-Assan	Yeniseian	Southern Yeniseian		False	41	*nose	1221	NOSE	aN	aN	ɐ ŋ	false
213	ASSAN-11-1	ASSAN	ASSAN	kott1239	Kott-Assan	Yeniseian	Southern Yeniseian		False	11	*one	1493	ONE	hautu	hautu	h ɐ u t u	false
214	ASSAN-11-2	ASSAN	ASSAN	kott1239	Kott-Assan	Yeniseian	Southern Yeniseian		False	11	*one	1493	ONE	huCa	huCa	h u tʃ ɐ	false
215	KOTT-11-1	KOTT	KOTT	kott1239	Kott-Assan	Yeniseian	Southern Yeniseian		False	11	*one	1493	ONE	huCa	huCa	h u tʃ ɐ	false
216	KOTT-11-2	KOTT	KOTT	kott1239	Kott-Assan	Yeniseian	Southern Yeniseian		False	11	*one	1493	ONE	XanCiXit	XanCiXit	χ ɐ n tʃ i χ i t	false
217	ASSAN-85-1	ASSAN	ASSAN	kott1239	Kott-Assan	Yeniseian	Southern Yeniseian		False	85	*path	2252	PATH	hik	hik	h i k	false
218	ASSAN-85-2	ASSAN	ASSAN	kott1239	Kott-Assan	Yeniseian	Southern Yeniseian		False	85	*path	2252	PATH	panik	panik	p ɐ n i k	false
219	KOTT-85-1	KOTT	KOTT	kott1239	Kott-Assan	Yeniseian	Southern Yeniseian		False	85	*path	2252	PATH	itik	itik	i t i k	false
220	KOTT-85-2	KOTT	KOTT	kott1239	Kott-Assan	Yeniseian	Southern Yeniseian		False	85	*path	2252	PATH	Xik	Xik	χ i k	false
221	KOTT-85-3	KOTT	KOTT	kott1239	Kott-Assan	Yeniseian	Southern Yeniseian		False	85	*path	2252	PATH	hek	hek	h e k	false
222	ASSAN-18-1	ASSAN	ASSAN	kott1239	Kott-Assan	Yeniseian	Southern Yeniseian		False	18	*person	683	PERSON	hit	hit	h i t	false
223	KOTT-18-1	KOTT	KOTT	kott1239	Kott-Assan	Yeniseian	Southern Yeniseian		False	18	*person	683	PERSON	ilit	ilit	i l i t	false
224	KOTT-18-2	KOTT	KOTT	kott1239	Kott-Assan	Yeniseian	Southern Yeniseian		False	18	*person	683	PERSON	Xit	Xit	χ i t	false
225	KOTT-18-3	KOTT	KOTT	kott1239	Kott-Assan	Yeniseian	Southern Yeniseian		False	18	*person	683	PERSON	hit	hit	h i t	false
226	KOTT-18-4	KOTT	KOTT	kott1239	Kott-Assan	Yeniseian	Southern Yeniseian		False	18	*person	683	PERSON	het	het	h e t	false
227	ASSAN-57-1	ASSAN	ASSAN	kott1239	Kott-Assan	Yeniseian	Southern Yeniseian		False	57	*see	1409	SEE	karaulagan	karaulagan	k ɐ r ɐ u l ɐ g ɐ n	false
228	KOTT-57-1	KOTT	KOTT	kott1239	Kott-Assan	Yeniseian	Southern Yeniseian		False	57	*see	1409	SEE	karuyak	karuyak	k ɐ r u j ɐ k	false
229	ASSAN-74-1	ASSAN	ASSAN	kott1239	Kott-Assan	Yeniseian	Southern Yeniseian		False	74	*star	1430	STAR	alak	alak	ɐ l ɐ k	false
230	KOTT-74-1	KOTT	KOTT	kott1239	Kott-Assan	Yeniseian	Southern Yeniseian		False	74	*star	1430	STAR	alagan	alagan	ɐ l ɐ g ɐ n	false
231	KOTT-74-2	KOTT	KOTT	kott1239	Kott-Assan	Yeniseian	Southern Yeniseian		False	74	*star	1430	STAR	alakan	alakan	ɐ l ɐ k ɐ n	false
232	ASSAN-77-1	ASSAN	ASSAN	kott1239	Kott-Assan	Yeniseian	Southern Yeniseian		False	77	*stone	857	STONE	SiS	SiS	ʃ i ʃ	false
233	KOTT-77-1	KOTT	KOTT	kott1239	Kott-Assan	Yeniseian	Southern Yeniseian		False	77	*stone	857	STONE	Sin	Sin	ʃ i n	false
234	KOTT-77-2	KOTT	KOTT	kott1239	Kott-Assan	Yeniseian	Southern Yeniseian		False	77	*stone	857	STONE	SiS	SiS	ʃ i ʃ	false
235	ASSAN-72-1	ASSAN	ASSAN	kott1239	Kott-Assan	Yeniseian	Southern Yeniseian		False	72	*sun	1343	SUN	ega	ega	e g ɐ	false
236	ASSAN-72-2	ASSAN	ASSAN	kott1239	Kott-Assan	Yeniseian	Southern Yeniseian		False	72	*sun	1343	SUN	oga	oga	o g ɐ	false
237	KOTT-72-1	KOTT	KOTT	kott1239	Kott-Assan	Yeniseian	Southern Yeniseian		False	72	*sun	1343	SUN	Ega	Ega	a g ɐ	false
238	KOTT-72-2	KOTT	KOTT	kott1239	Kott-Assan	Yeniseian	Southern Yeniseian		False	72	*sun	1343	SUN	kgi	kgi	k g i	false
239	KOTT-72-3	KOTT	KOTT	kott1239	Kott-Assan	Yeniseian	Southern Yeniseian		False	72	*sun	1343	SUN	egi	egi	e g i	false
240	ASSAN-44-1	ASSAN	ASSAN	kott1239	Kott-Assan	Yeniseian	Southern Yeniseian		False	44	*tongue	1205	TONGUE	alup	alup	ɐ l u p	false
241	KOTT-44-1	KOTT	KOTT	kott1239	Kott-Assan	Yeniseian	Southern Yeniseian		False	44	*tongue	1205	TONGUE	alub	alub	ɐ l u b	false
242	KOTT-44-2	KOTT	KOTT	kott1239	Kott-Assan	Yeniseian	Southern Yeniseian		False	44	*tongue	1205	TONGUE	alup	alup	ɐ l u p	false
243	KOTT-43-1	KOTT	KOTT	kott1239	Kott-Assan	Yeniseian	Southern Yeniseian		False	43	*tooth	1380	TOOTH	itan	itan	i t ɐ n	false
244	ASSAN-23-1	ASSAN	ASSAN	kott1239	Kott-Assan	Yeniseian	Southern Yeniseian		False	23	*tree	906	TREE	aC	aC	ɐ tʃ	false
245	ASSAN-23-2	ASSAN	ASSAN	kott1239	Kott-Assan	Yeniseian	Southern Yeniseian		False	23	*tree	906	TREE	aCi	aCi	ɐ tʃ i	false
246	KOTT-23-1	KOTT	KOTT	kott1239	Kott-Assan	Yeniseian	Southern Yeniseian		False	23	*tree	906	TREE	aC	aC	ɐ tʃ	false
247	KOTT-23-2	KOTT	KOTT	kott1239	Kott-Assan	Yeniseian	Southern Yeniseian		False	23	*tree	906	TREE	aCi	aCi	ɐ tʃ i	false
248	KOTT-23-3	KOTT	KOTT	kott1239	Kott-Assan	Yeniseian	Southern Yeniseian		False	23	*tree	906	TREE	aCSi	aCSi	ɐ tʃ ʃ i	false
249	KOTT-23-4	KOTT	KOTT	kott1239	Kott-Assan	Yeniseian	Southern Yeniseian		False	23	*tree	906	TREE	Si	Si	ʃ i	false
250	ASSAN-12-1	ASSAN	ASSAN	kott1239	Kott-Assan	Yeniseian	Southern Yeniseian		False	12	*two	1498	TWO	ineE	ineE	i n e a	false
251	ASSAN-12-2	ASSAN	ASSAN	kott1239	Kott-Assan	Yeniseian	Southern Yeniseian		False	12	*two	1498	TWO	in7e	in7e	i n ʔ e	false
252	ASSAN-12-3	ASSAN	ASSAN	kott1239	Kott-Assan	Yeniseian	Southern Yeniseian		False	12	*two	1498	TWO	ina	ina	i n ɐ	false
253	KOTT-12-1	KOTT	KOTT	kott1239	Kott-Assan	Yeniseian	Southern Yeniseian		False	12	*two	1498	TWO	ina	ina	i n ɐ	false
254	KOTT-12-2	KOTT	KOTT	kott1239	Kott-Assan	Yeniseian	Southern Yeniseian		False	12	*two	1498	TWO	inCa	inCa	i n tʃ ɐ	false
255	KOTT-12-3	KOTT	KOTT	kott1239	Kott-Assan	Yeniseian	Southern Yeniseian		False	12	*two	1498	TWO	in7a	in7a	i n ʔ ɐ	false
256	KOTT-12-4	KOTT	KOTT	kott1239	Kott-Assan	Yeniseian	Southern Yeniseian		False	12	*two	1498	TWO	inE	inE	i n a	false
257	ASSAN-75-1	ASSAN	ASSAN	kott1239	Kott-Assan	Yeniseian	Southern Yeniseian		False	75	*water	948	WATER	ul	ul	u l	false
258	KOTT-75-1	KOTT	KOTT	kott1239	Kott-Assan	Yeniseian	Southern Yeniseian		False	75	*water	948	WATER	ul	ul	u l	false
259	ASSAN-3-1	ASSAN	ASSAN	kott1239	Kott-Assan	Yeniseian	Southern Yeniseian		False	3	*we	1212	WE	ayun	ayun	ɐ j u n	false
260	KOTT-3-1	KOTT	KOTT	kott1239	Kott-Assan	Yeniseian	Southern Yeniseian		False	3	*we	1212	WE	ayoN	ayoN	ɐ j o ŋ	false
261	ASSAN-2-1	ASSAN	ASSAN	kott1239	Kott-Assan	Yeniseian	Southern Yeniseian		False	2	*you	1215	THOU	au	au	ɐ u	false
262	KOTT-2-1	KOTT	KOTT	kott1239	Kott-Assan	Yeniseian	Southern Yeniseian		False	2	*you	1215	THOU	au	au	ɐ u	false
263	ARIN-1-1	ARIN	ARIN	arin1243	Arin	Yeniseian	Southern Yeniseian	Arin-Pumpokol	False	1	*I	1209	I	ay	ay	ɐ j	false
264	ARIN-1-2	ARIN	ARIN	arin1243	Arin	Yeniseian	Southern Yeniseian	Arin-Pumpokol	False	1	*I	1209	I	E	E	a	false
265	PUMPOKOL-1-1	PUMPOKOL	PUMPOKOL	pump1237	Pumpokol	Yeniseian	Southern Yeniseian	Arin-Pumpokol	False	1	*I	1209	I	ad	ad	ɐ d	false
266	ARIN-30-1	ARIN	ARIN	arin1243	Arin	Yeniseian	Southern Yeniseian	Arin-Pumpokol	False	30	*blood	946	BLOOD	sur	sur	s u r	false
267	ARIN-51-1	ARIN	ARIN	arin1243	Arin	Yeniseian	Southern Yeniseian	Arin-Pumpokol	False	51	*breasts	1402	BREAST	apien	apien	ɐ p i e n	false
268	ARIN-51-2	ARIN	ARIN	arin1243	Arin	Yeniseian	Southern Yeniseian	Arin-Pumpokol	False	51	*breasts	1402	BREAST	ph~iaN	ph~iaN	pʰ i ɐ ŋ	false
269	PUMPOKOL-51-1	PUMPOKOL	PUMPOKOL	pump1237	Pumpokol	Yeniseian	Southern Yeniseian	Arin-Pumpokol	False	51	*breasts	1402	BREAST	tike	tike	t i k e	false
270	ARIN-61-1	ARIN	ARIN	arin1243	Arin	Yeniseian	Southern Yeniseian	Arin-Pumpokol	False	61	*die	1494	DIE	ingo	ingo	i n g o	false
271	ARIN-21-1	ARIN	ARIN	arin1243	Arin	Yeniseian	Southern Yeniseian	Arin-Pumpokol	False	21	*dog	2009	DOG	ilCep	ilCep	i l tʃ e p	false
272	ARIN-21-2	ARIN	ARIN	arin1243	Arin	Yeniseian	Southern Yeniseian	Arin-Pumpokol	False	21	*dog	2009	DOG	ilCap	ilCap	i l tʃ ɐ p	false
273	ARIN-21-3	ARIN	ARIN	arin1243	Arin	Yeniseian	Southern Yeniseian	Arin-Pumpokol	False	21	*dog	2009	DOG	titu	titu	t i t u	false
274	PUMPOKOL-21-1	PUMPOKOL	PUMPOKOL	pump1237	Pumpokol	Yeniseian	Southern Yeniseian	Arin-Pumpokol	False	21	*dog	2009	DOG	ci	ci	ts i	false
275	PUMPOKOL-21-2	PUMPOKOL	PUMPOKOL	pump1237	Pumpokol	Yeniseian	Southern Yeniseian	Arin-Pumpokol	False	21	*dog	2009	DOG	Cip	Cip	tʃ i p	false
276	ARIN-54-1	ARIN	ARIN	arin1243	Arin	Yeniseian	Southern Yeniseian	Arin-Pumpokol	False	54	*drink	1401	DRINK	t7agur	t7agur	t ʔ ɐ g u r	false
277	ARIN-54-2	ARIN	ARIN	arin1243	Arin	Yeniseian	Southern Yeniseian	Arin-Pumpokol	False	54	*drink	1401	DRINK	sam	sam	s ɐ m	false
278	PUMPOKOL-54-1	PUMPOKOL	PUMPOKOL	pump1237	Pumpokol	Yeniseian	Southern Yeniseian	Arin-Pumpokol	False	54	*drink	1401	DRINK	duZdop	duZdop	d u ʒ d o p	false
279	PUMPOKOL-54-2	PUMPOKOL	PUMPOKOL	pump1237	Pumpokol	Yeniseian	Southern Yeniseian	Arin-Pumpokol	False	54	*drink	1401	DRINK	hokoy	hokoy	h o k o j	false
280	ARIN-39-1	ARIN	ARIN	arin1243	Arin	Yeniseian	Southern Yeniseian	Arin-Pumpokol	False	39	*ear	1247	EAR	utkuy	utkuy	u t k u j	false
281	ARIN-39-2	ARIN	ARIN	arin1243	Arin	Yeniseian	Southern Yeniseian	Arin-Pumpokol	False	39	*ear	1247	EAR	utk7EnoN	utk7EnoN	u t k ʔ a n o ŋ	false
282	ARIN-39-3	ARIN	ARIN	arin1243	Arin	Yeniseian	Southern Yeniseian	Arin-Pumpokol	False	39	*ear	1247	EAR	utq7onoN	utq7onoN	u t q ʔ o n o ŋ	false
283	PUMPOKOL-39-1	PUMPOKOL	PUMPOKOL	pump1237	Pumpokol	Yeniseian	Southern Yeniseian	Arin-Pumpokol	False	39	*ear	1247	EAR	atkin	atkin	ɐ t k i n	false
284	ARIN-40-1	ARIN	ARIN	arin1243	Arin	Yeniseian	Southern Yeniseian	Arin-Pumpokol	False	40	*eye	1248	EYE	tieN	tieN	t i e ŋ	false
285	ARIN-40-2	ARIN	ARIN	arin1243	Arin	Yeniseian	Southern Yeniseian	Arin-Pumpokol	False	40	*eye	1248	EYE	tenkt	tenkt	t e n k t	false
286	PUMPOKOL-40-1	PUMPOKOL	PUMPOKOL	pump1237	Pumpokol	Yeniseian	Southern Yeniseian	Arin-Pumpokol	False	40	*eye	1248	EYE	dat	dat	d ɐ t	false
287	ARIN-82-1	ARIN	ARIN	arin1243	Arin	Yeniseian	Southern Yeniseian	Arin-Pumpokol	False	82	*fire	221	FIRE	kot	kot	k o t	false
288	ARIN-82-2	ARIN	ARIN	arin1243	Arin	Yeniseian	Southern Yeniseian	Arin-Pumpokol	False	82	*fire	221	FIRE	qot	qot	q o t	false
289	ARIN-82-3	ARIN	ARIN	arin1243	Arin	Yeniseian	Southern Yeniseian	Arin-Pumpokol	False	82	*fire	221	FIRE	qott	qott	q o t t	false
290	PUMPOKOL-82-1	PUMPOKOL	PUMPOKOL	pump1237	Pumpokol	Yeniseian	Southern Yeniseian	Arin-Pumpokol	False	82	*fire	221	FIRE	buC	buC	b u tʃ	false
291	ARIN-19-1	ARIN	ARIN	arin1243	Arin	Yeniseian	Southern Yeniseian	Arin-Pumpokol	False	19	*fish	227	FISH	ilti	ilti	i l t i	false
292	PUMPOKOL-19-1	PUMPOKOL	PUMPOKOL	pump1237	Pumpokol	Yeniseian	Southern Yeniseian	Arin-Pumpokol	False	19	*fish	227	FISH	gite	gite	g i t e	false
293	PUMPOKOL-19-2	PUMPOKOL	PUMPOKOL	pump1237	Pumpokol	Yeniseian	Southern Yeniseian	Arin-Pumpokol	False	19	*fish	227	FISH	hite	hite	h i t e	false
294	ARIN-48-1	ARIN	ARIN	arin1243	Arin	Yeniseian	Southern Yeniseian	Arin-Pumpokol	False	48	*hand	1277	HAND	ph~yaga	ph~yaga	pʰ j ɐ g ɐ	false
295	ARIN-48-2	ARIN	ARIN	arin1243	Arin	Yeniseian	Southern Yeniseian	Arin-Pumpokol	False	48	*hand	1277	HAND	qinaN	qinaN	q i n ɐ ŋ	false
296	ARIN-48-3	ARIN	ARIN	arin1243	Arin	Yeniseian	Southern Yeniseian	Arin-Pumpokol	False	48	*hand	1277	HAND	upega	upega	u p e g ɐ	false
297	PUMPOKOL-48-1	PUMPOKOL	PUMPOKOL	pump1237	Pumpokol	Yeniseian	Southern Yeniseian	Arin-Pumpokol	False	48	*hand	1277	HAND	ton	ton	t o n	false
298	ARIN-58-1	ARIN	ARIN	arin1243	Arin	Yeniseian	Southern Yeniseian	Arin-Pumpokol	False	58	*hear	1408	HEAR	ut7aut7um	ut7aut7um	u t ʔ ɐ u t ʔ u m	false
299	ARIN-47-1	ARIN	ARIN	arin1243	Arin	Yeniseian	Southern Yeniseian	Arin-Pumpokol	False	47	*knee	1371	KNEE	patas	patas	p ɐ t ɐ s	false
300	ARIN-25-1	ARIN	ARIN	arin1243	Arin	Yeniseian	Southern Yeniseian	Arin-Pumpokol	False	25	*leaf	628	LEAF	ipin	ipin	i p i n	false
301	ARIN-25-2	ARIN	ARIN	arin1243	Arin	Yeniseian	Southern Yeniseian	Arin-Pumpokol	False	25	*leaf	628	LEAF	ipoN	ipoN	i p o ŋ	false
302	PUMPOKOL-25-1	PUMPOKOL	PUMPOKOL	pump1237	Pumpokol	Yeniseian	Southern Yeniseian	Arin-Pumpokol	False	25	*leaf	628	LEAF	efig	efig	e f i g	false
303	PUMPOKOL-25-2	PUMPOKOL	PUMPOKOL	pump1237	Pumpokol	Yeniseian	Southern Yeniseian	Arin-Pumpokol	False	25	*leaf	628	LEAF	xogondipun	xogondipun	x o g o n d i p u n	false
304	ARIN-53-1	ARIN	ARIN	arin1243	Arin	Yeniseian	Southern Yeniseian	Arin-Pumpokol	False	53	*liver	1224	LIVER	sal	sal	s ɐ l	false
305	ARIN-22-1	ARIN	ARIN	arin1243	Arin	Yeniseian	Southern Yeniseian	Arin-Pumpokol	False	22	*louse	1392	LOUSE	serga	serga	s e r g ɐ	false
306	ARIN-86-1	ARIN	ARIN	arin1243	Arin	Yeniseian	Southern Yeniseian	Arin-Pumpokol	False	86	*mountain	639	MOUNTAIN	berkitak	berkitak	b e r k i t ɐ k	false
307	ARIN-86-2	ARIN	ARIN	arin1243	Arin	Yeniseian	Southern Yeniseian	Arin-Pumpokol	False	86	*mountain	639	MOUNTAIN	kar	kar	k ɐ r	false
308	PUMPOKOL-86-1	PUMPOKOL	PUMPOKOL	pump1237	Pumpokol	Yeniseian	Southern Yeniseian	Arin-Pumpokol	False	86	*mountain	639	MOUNTAIN	konnoN	konnoN	k o n n o ŋ	false
309	PUMPOKOL-86-2	PUMPOKOL	PUMPOKOL	pump1237	Pumpokol	Yeniseian	Southern Yeniseian	Arin-Pumpokol	False	86	*mountain	639	MOUNTAIN	xay	xay	x ɐ j	false
310	PUMPOKOL-100-1	PUMPOKOL	PUMPOKOL	pump1237	Pumpokol	Yeniseian	Southern Yeniseian	Arin-Pumpokol	False	100	*name	1405	NAME	i	i	i	false
311	ARIN-96-1	ARIN	ARIN	arin1243	Arin	Yeniseian	Southern Yeniseian	Arin-Pumpokol	False	96	*new	1231	NEW	luyS	luyS	l u j ʃ	false
312	ARIN-92-1	ARIN	ARIN	arin1243	Arin	Yeniseian	Southern Yeniseian	Arin-Pumpokol	False	92	*night	1233	NIGHT	say	say	s ɐ j	false
313	PUMPOKOL-92-1	PUMPOKOL	PUMPOKOL	pump1237	Pumpokol	Yeniseian	Southern Yeniseian	Arin-Pumpokol	False	92	*night	1233	NIGHT	teC	teC	t e tʃ	false
314	PUMPOKOL-92-2	PUMPOKOL	PUMPOKOL	pump1237	Pumpokol	Yeniseian	Southern Yeniseian	Arin-Pumpokol	False	92	*night	1233	NIGHT	tol	tol	t o l	false
315	ARIN-41-1	ARIN	ARIN	arin1243	Arin	Yeniseian	Southern Yeniseian	Arin-Pumpokol	False	41	*nose	1221	NOSE	arquy	arquy	ɐ r q u j	false
316	ARIN-11-1	ARIN	ARIN	arin1243	Arin	Yeniseian	Southern Yeniseian	Arin-Pumpokol	False	11	*one	1493	ONE	huCa	huCa	h u tʃ ɐ	false
317	ARIN-11-2	ARIN	ARIN	arin1243	Arin	Yeniseian	Southern Yeniseian	Arin-Pumpokol	False	11	*one	1493	ONE	kh~uzey	kh~uzey	kʰ u z e j	false
318	ARIN-11-3	ARIN	ARIN	arin1243	Arin	Yeniseian	Southern Yeniseian	Arin-Pumpokol	False	11	*one	1493	ONE	kuisa	kuisa	k u i s ɐ	false
319	ARIN-11-4	ARIN	ARIN	arin1243	Arin	Yeniseian	Southern Yeniseian	Arin-Pumpokol	False	11	*one	1493	ONE	qusey	qusey	q u s e j	false
320	PUMPOKOL-11-1	PUMPOKOL	PUMPOKOL	pump1237	Pumpokol	Yeniseian	Southern Yeniseian	Arin-Pumpokol	False	11	*one	1493	ONE	xuta	xuta	x u t ɐ	false
321	ARIN-85-1	ARIN	ARIN	arin1243	Arin	Yeniseian	Southern Yeniseian	Arin-Pumpokol	False	85	*path	2252	PATH	kat	kat	k ɐ t	false
322	ARIN-85-2	ARIN	ARIN	arin1243	Arin	Yeniseian	Southern Yeniseian	Arin-Pumpokol	False	85	*path	2252	PATH	kolkut	kolkut	k o l k u t	false
323	PUMPOKOL-85-1	PUMPOKOL	PUMPOKOL	pump1237	Pumpokol	Yeniseian	Southern Yeniseian	Arin-Pumpokol	False	85	*path	2252	PATH	koat	koat	k o ɐ t	false
324	ARIN-18-1	ARIN	ARIN	arin1243	Arin	Yeniseian	Southern Yeniseian	Arin-Pumpokol	False	18	*person	683	PERSON	kit	kit	k i t	false
325	ARIN-18-2	ARIN	ARIN	arin1243	Arin	Yeniseian	Southern Yeniseian	Arin-Pumpokol	False	18	*person	683	PERSON	k7it	k7it	k ʔ i t	false
326	ARIN-18-3	ARIN	ARIN	arin1243	Arin	Yeniseian	Southern Yeniseian	Arin-Pumpokol	False	18	*person	683	PERSON	qit	qit	q i t	false
327	PUMPOKOL-18-1	PUMPOKOL	PUMPOKOL	pump1237	Pumpokol	Yeniseian	Southern Yeniseian	Arin-Pumpokol	False	18	*person	683	PERSON	kit	kit	k i t	false
328	ARIN-57-1	ARIN	ARIN	arin1243	Arin	Yeniseian	Southern Yeniseian	Arin-Pumpokol	False	57	*see	1409	SEE	pengaul7oN	pengaul7oN	p e n g ɐ u l ʔ o ŋ	false
329	ARIN-57-2	ARIN	ARIN	arin1243	Arin	Yeniseian	Southern Yeniseian	Arin-Pumpokol	False	57	*see	1409	SEE	pongaul7oN	pongaul7oN	p o n g ɐ u l ʔ o ŋ	false
330	PUMPOKOL-57-1	PUMPOKOL	PUMPOKOL	pump1237	Pumpokol	Yeniseian	Southern Yeniseian	Arin-Pumpokol	False	57	*see	1409	SEE	banlagon	banlagon	b ɐ n l ɐ g o n	false
331	ARIN-74-1	ARIN	ARIN	arin1243	Arin	Yeniseian	Southern Yeniseian	Arin-Pumpokol	False	74	*star	1430	STAR	ilqoy	ilqoy	i l q o j	false
332	ARIN-74-2	ARIN	ARIN	arin1243	Arin	Yeniseian	Southern Yeniseian	Arin-Pumpokol	False	74	*star	1430	STAR	ilXok	ilXok	i l χ o k	false
333	ARIN-74-3	ARIN	ARIN	arin1243	Arin	Yeniseian	Southern Yeniseian	Arin-Pumpokol	False	74	*star	1430	STAR	il7koy	il7koy	i l ʔ k o j	false
334	PUMPOKOL-74-1	PUMPOKOL	PUMPOKOL	pump1237	Pumpokol	Yeniseian	Southern Yeniseian	Arin-Pumpokol	False	74	*star	1430	STAR	kaken	kaken	k ɐ k e n	false
335	ARIN-77-1	ARIN	ARIN	arin1243	Arin	Yeniseian	Southern Yeniseian	Arin-Pumpokol	False	77	*stone	857	STONE	kes	kes	k e s	false
336	ARIN-77-2	ARIN	ARIN	arin1243	Arin	Yeniseian	Southern Yeniseian	Arin-Pumpokol	False	77	*stone	857	STONE	qes	qes	q e s	false
337	PUMPOKOL-77-1	PUMPOKOL	PUMPOKOL	pump1237	Pumpokol	Yeniseian	Southern Yeniseian	Arin-Pumpokol	False	77	*stone	857	STONE	Cis	Cis	tʃ i s	false
338	PUMPOKOL-77-2	PUMPOKOL	PUMPOKOL	pump1237	Pumpokol	Yeniseian	Southern Yeniseian	Arin-Pumpokol	False	77	*stone	857	STONE	kit	kit	k i t	false
339	ARIN-72-1	ARIN	ARIN	arin1243	Arin	Yeniseian	Southern Yeniseian	Arin-Pumpokol	False	72	*sun	1343	SUN	ega	ega	e g ɐ	false
340	ARIN-72-2	ARIN	ARIN	arin1243	Arin	Yeniseian	Southern Yeniseian	Arin-Pumpokol	False	72	*sun	1343	SUN	Ega	Ega	a g ɐ	false
341	ARIN-72-3	ARIN	ARIN	arin1243	Arin	Yeniseian	Southern Yeniseian	Arin-Pumpokol	False	72	*sun	1343	SUN	eya	eya	e j ɐ	false
342	ARIN-72-4	ARIN	ARIN	arin1243	Arin	Yeniseian	Southern Yeniseian	Arin-Pumpokol	False	72	*sun	1343	SUN	Xagali	Xagali	χ ɐ g ɐ l i	false
343	PUMPOKOL-72-1	PUMPOKOL	PUMPOKOL	pump1237	Pumpokol	Yeniseian	Southern Yeniseian	Arin-Pumpokol	False	72	*sun	1343	SUN	hixem	hixem	h i x e m	false
344	ARIN-44-1	ARIN	ARIN	arin1243	Arin	Yeniseian	Southern Yeniseian	Arin-Pumpokol	False	44	*tongue	1205	TONGUE	al7ap	al7ap	ɐ l ʔ ɐ p	false
345	ARIN-44-2	ARIN	ARIN	arin1243	Arin	Yeniseian	Southern Yeniseian	Arin-Pumpokol	False	44	*tongue	1205	TONGUE	elep	elep	e l e p	false
346	PUMPOKOL-44-1	PUMPOKOL	PUMPOKOL	pump1237	Pumpokol	Yeniseian	Southern Yeniseian	Arin-Pumpokol	False	44	*tongue	1205	TONGUE	ay	ay	ɐ j	false
347	PUMPOKOL-44-2	PUMPOKOL	PUMPOKOL	pump1237	Pumpokol	Yeniseian	Southern Yeniseian	Arin-Pumpokol	False	44	*tongue	1205	TONGUE	iligil	iligil	i l i g i l	false
348	ARIN-43-1	ARIN	ARIN	arin1243	Arin	Yeniseian	Southern Yeniseian	Arin-Pumpokol	False	43	*tooth	1380	TOOTH	itin	itin	i t i n	false
349	ARIN-23-1	ARIN	ARIN	arin1243	Arin	Yeniseian	Southern Yeniseian	Arin-Pumpokol	False	23	*tree	906	TREE	otSi	otSi	o t ʃ i	false
350	ARIN-23-2	ARIN	ARIN	arin1243	Arin	Yeniseian	Southern Yeniseian	Arin-Pumpokol	False	23	*tree	906	TREE	otSil	otSil	o t ʃ i l	false
351	ARIN-23-3	ARIN	ARIN	arin1243	Arin	Yeniseian	Southern Yeniseian	Arin-Pumpokol	False	23	*tree	906	TREE	oSCe	oSCe	o ʃ tʃ e	false
352	PUMPOKOL-23-1	PUMPOKOL	PUMPOKOL	pump1237	Pumpokol	Yeniseian	Southern Yeniseian	Arin-Pumpokol	False	23	*tree	906	TREE	hoxon	hoxon	h o x o n	false
353	PUMPOKOL-23-2	PUMPOKOL	PUMPOKOL	pump1237	Pumpokol	Yeniseian	Southern Yeniseian	Arin-Pumpokol	False	23	*tree	906	TREE	oksi	oksi	o k s i	false
354	ARIN-12-1	ARIN	ARIN	arin1243	Arin	Yeniseian	Southern Yeniseian	Arin-Pumpokol	False	12	*two	1498	TWO	in7a	in7a	i n ʔ ɐ	false
355	ARIN-12-2	ARIN	ARIN	arin1243	Arin	Yeniseian	Southern Yeniseian	Arin-Pumpokol	False	12	*two	1498	TWO	kin	kin	k i n	false
356	ARIN-12-3	ARIN	ARIN	arin1243	Arin	Yeniseian	Southern Yeniseian	Arin-Pumpokol	False	12	*two	1498	TWO	kinE	kinE	k i n a	false
357	ARIN-12-4	ARIN	ARIN	arin1243	Arin	Yeniseian	Southern Yeniseian	Arin-Pumpokol	False	12	*two	1498	TWO	kina	kina	k i n ɐ	false
358	PUMPOKOL-12-1	PUMPOKOL	PUMPOKOL	pump1237	Pumpokol	Yeniseian	Southern Yeniseian	Arin-Pumpokol	False	12	*two	1498	TWO	hineaN	hineaN	h i n e ɐ ŋ	false
359	PUMPOKOL-12-2	PUMPOKOL	PUMPOKOL	pump1237	Pumpokol	Yeniseian	Southern Yeniseian	Arin-Pumpokol	False	12	*two	1498	TWO	nineaN	nineaN	n i n e ɐ ŋ	false
360	ARIN-75-1	ARIN	ARIN	arin1243	Arin	Yeniseian	Southern Yeniseian	Arin-Pumpokol	False	75	*water	948	WATER	kul	kul	k u l	false
361	PUMPOKOL-75-1	PUMPOKOL	PUMPOKOL	pump1237	Pumpokol	Yeniseian	Southern Yeniseian	Arin-Pumpokol	False	75	*water	948	WATER	dok	dok	d o k	false
362	PUMPOKOL-75-2	PUMPOKOL	PUMPOKOL	pump1237	Pumpokol	Yeniseian	Southern Yeniseian	Arin-Pumpokol	False	75	*water	948	WATER	ul	ul	u l	false
363	ARIN-3-1	ARIN	ARIN	arin1243	Arin	Yeniseian	Southern Yeniseian	Arin-Pumpokol	False	3	*we	1212	WE	aiN	aiN	ɐ i ŋ	false
364	PUMPOKOL-3-1	PUMPOKOL	PUMPOKOL	pump1237	Pumpokol	Yeniseian	Southern Yeniseian	Arin-Pumpokol	False	3	*we	1212	WE	adiN	adiN	ɐ d i ŋ	false
365	PUMPOKOL-3-2	PUMPOKOL	PUMPOKOL	pump1237	Pumpokol	Yeniseian	Southern Yeniseian	Arin-Pumpokol	False	3	*we	1212	WE	Etnin	Etnin	a t n i n	false
366	ARIN-2-1	ARIN	ARIN	arin1243	Arin	Yeniseian	Southern Yeniseian	Arin-Pumpokol	False	2	*you	1215	THOU	au	au	ɐ u	false
367	PUMPOKOL-2-1	PUMPOKOL	PUMPOKOL	pump1237	Pumpokol	Yeniseian	Southern Yeniseian	Arin-Pumpokol	False	2	*you	1215	THOU	ue	ue	u e	false
